{
  "error": 1.986745502335907e-06,
  "runtime": 0.10517334938049316
}